play_wallclock_utc,game_seconds_elapsed,period,game_clock,play_text,score_value,scoring_team_is_fav,fav_score_after,dog_score_after,score_margin_after,fav_wp_before,fav_wp_after,wp_delta,kalshi_price_before,kalshi_price_after,kalshi_price_delta,wp_vs_kalshi_reaction_diff
2026-04-04 00:11:10+00:00,20.0,1,11:40,Neemias Queta makes 1-foot floating jump shot (Derrick White assists),2,True,2,0,2,0.849,0.863,0.014000000000000012,0.94,0.94,0.0,0.014000000000000012
2026-04-04 00:11:33+00:00,38.0,1,11:22,Sam Hauser makes 25-foot running jump shot (Jaylen Brown assists),3,True,5,0,5,0.873,0.894,0.02100000000000002,0.95,0.95,0.0,0.02100000000000002
2026-04-04 00:12:16+00:00,85.0,1,10:35,Neemias Queta makes dunk (Jayson Tatum assists),2,True,7,0,7,0.903,0.912,0.009000000000000008,0.96,0.97,0.010000000000000009,-0.0010000000000000009
2026-04-04 00:12:25+00:00,95.0,1,10:25,AJ Green makes 24-foot three point jumper (Ousmane Dieng assists),3,False,7,3,4,0.912,0.894,-0.018000000000000016,0.96,0.96,0.0,-0.018000000000000016
2026-04-04 00:13:09+00:00,110.0,1,10:10,Neemias Queta makes free throw 1 of 2,1,True,8,3,5,0.907,0.909,0.0020000000000000018,0.95,0.97,0.020000000000000018,-0.018000000000000016
2026-04-04 00:14:36+00:00,134.0,1,9:46,Jayson Tatum makes 25-foot three point jumper (Derrick White assists),3,True,11,3,8,0.902,0.919,0.017000000000000015,0.96,0.96,0.0,0.017000000000000015
2026-04-04 00:18:09+00:00,165.0,1,9:15,Derrick White makes 27-foot three point jumper (Neemias Queta assists),3,True,14,3,11,0.927,0.9390000000000001,0.01200000000000001,0.97,0.98,0.010000000000000009,0.0020000000000000018
2026-04-04 00:18:22+00:00,179.0,1,9:01,Ousmane Dieng makes 26-foot three pointer,3,False,14,6,8,0.9390000000000001,0.927,-0.01200000000000001,0.97,0.97,0.0,-0.01200000000000001
2026-04-04 00:19:15+00:00,194.0,1,8:46,Neemias Queta makes free throw 1 of 2,1,True,15,6,9,0.931,0.938,0.006999999999999895,0.97,0.98,0.010000000000000009,-0.0030000000000001137
2026-04-04 00:19:21+00:00,194.0,1,8:46,Neemias Queta makes free throw 2 of 2,1,True,16,6,10,0.938,0.933,-0.004999999999999893,0.97,0.97,0.0,-0.004999999999999893
2026-04-04 00:19:41+00:00,213.0,1,8:27,Sam Hauser makes 23-foot three point jumper (Jaylen Brown assists),3,True,19,6,13,0.94,0.951,0.01100000000000001,0.98,0.97,-0.010000000000000009,0.02100000000000002
2026-04-04 00:20:35+00:00,267.0,1,7:33,Sam Hauser makes 24-foot three point jumper (Jaylen Brown assists),3,True,22,6,16,0.956,0.965,0.009000000000000008,0.99,0.98,-0.010000000000000009,0.019000000000000017
2026-04-04 00:24:43+00:00,305.0,1,6:55,Neemias Queta makes 1-foot dunk (Jayson Tatum assists),2,True,24,6,18,0.965,0.973,0.008000000000000007,0.98,0.98,0.0,0.008000000000000007
2026-04-04 00:24:58+00:00,319.0,1,6:41,Ousmane Dieng makes 20-foot step back jumpshot,2,False,24,8,16,0.973,0.97,-0.0030000000000000027,0.99,0.98,-0.010000000000000009,0.007000000000000006
2026-04-04 00:25:13+00:00,335.0,1,6:25,Neemias Queta makes 2-foot layup (Jayson Tatum assists),2,True,26,8,18,0.97,0.973,0.0030000000000000027,0.99,0.98,-0.010000000000000009,0.013000000000000012
2026-04-04 00:26:11+00:00,386.0,1,5:34,Kyle Kuzma makes tip shot,2,False,26,10,16,0.974,0.97,-0.0040000000000000036,0.99,0.98,-0.010000000000000009,0.006000000000000005
2026-04-04 00:26:54+00:00,399.0,1,5:21,Jayson Tatum makes technical free throw,1,True,27,10,17,0.969,0.973,0.0040000000000000036,0.99,0.98,-0.010000000000000009,0.014000000000000012
2026-04-04 00:28:50+00:00,409.0,1,5:11,Jaylen Brown makes free throw 2 of 2,1,True,28,10,18,0.973,0.974,0.0010000000000000009,0.98,0.98,0.0,0.0010000000000000009
2026-04-04 00:30:10+00:00,443.0,1,4:37,Cormac Ryan makes 27-foot three point jumper (AJ Green assists),3,False,28,13,15,0.974,0.966,-0.008000000000000007,,,,
2026-04-04 00:30:27+00:00,460.0,1,4:20,Jaylen Brown makes 25-foot three point step back jumpshot,3,True,31,13,18,0.966,0.973,0.007000000000000006,0.98,0.99,0.010000000000000009,-0.0030000000000000027
2026-04-04 00:30:46+00:00,476.0,1,4:04,AJ Green makes 25-foot three point jumper (Jericho Sims assists),3,False,31,16,15,0.974,0.966,-0.008000000000000007,,0.98,,
2026-04-04 00:33:44+00:00,501.0,1,3:39,Jericho Sims makes free throw 2 of 2,1,False,31,17,14,0.962,0.962,0.0,,,,
2026-04-04 00:34:04+00:00,512.0,1,3:28,Neemias Queta makes tip shot,2,True,33,17,16,0.962,0.966,0.0040000000000000036,0.98,0.98,0.0,0.0040000000000000036
2026-04-04 00:37:24+00:00,576.0,1,2:24,Jayson Tatum makes 26-foot three pointer (Derrick White assists),3,True,36,17,19,0.97,0.977,0.007000000000000006,0.98,,,
2026-04-04 00:37:40+00:00,591.0,1,2:09,Taurean Prince makes 23-foot three point jumper (Jericho Sims assists),3,False,36,20,16,0.977,0.971,-0.006000000000000005,,0.98,,
2026-04-04 00:37:57+00:00,609.0,1,1:51,Derrick White makes 12-foot driving floating jump shot (Jayson Tatum assists),2,True,38,20,18,0.971,0.974,0.0030000000000000027,0.98,0.98,0.0,0.0030000000000000027
2026-04-04 00:38:46+00:00,620.0,1,1:40,Jericho Sims makes free throw 1 of 2,1,False,38,21,17,0.968,0.967,-0.0010000000000000009,0.99,0.98,-0.010000000000000009,0.009000000000000008
2026-04-04 00:39:06+00:00,620.0,1,1:40,Jericho Sims makes free throw 2 of 2,1,False,38,22,16,0.967,0.971,0.0040000000000000036,0.98,,,
2026-04-04 00:39:22+00:00,635.0,1,1:25,Derrick White makes 25-foot three point jumper (Jayson Tatum assists),3,True,41,22,19,0.971,0.978,0.007000000000000006,,,,
2026-04-04 00:40:20+00:00,667.8,1,52.2,Jayson Tatum makes 6-foot two point shot,2,True,43,22,21,0.985,0.984,-0.0010000000000000009,0.98,0.98,0.0,-0.0010000000000000009
2026-04-04 00:40:35+00:00,678.7,1,41.3,Gary Harris makes 1-foot layup (Taurean Prince assists),2,False,43,24,19,0.984,0.981,-0.0030000000000000027,,0.98,,
2026-04-04 00:41:35+00:00,711.5,1,8.5,Ousmane Dieng makes 12-foot fade away jump shot,2,False,43,26,17,0.978,0.975,-0.0030000000000000027,,0.99,,
2026-04-04 00:45:02+00:00,756.0,2,11:24,Kyle Kuzma makes driving layup (Cormac Ryan assists),2,False,43,28,15,0.972,0.968,-0.0040000000000000036,,0.99,,
2026-04-04 00:45:16+00:00,769.0,2,11:11,Payton Pritchard makes 27-foot three point jumper (Luka Garza assists),3,True,46,28,18,0.968,0.975,0.007000000000000006,0.99,0.99,0.0,0.007000000000000006
2026-04-04 00:45:57+00:00,804.0,2,10:36,Payton Pritchard makes 9-foot fade away jump shot,2,True,48,28,20,0.979,0.982,0.0030000000000000027,0.99,0.98,-0.010000000000000009,0.013000000000000012
2026-04-04 00:46:12+00:00,819.0,2,10:21,Pete Nance makes 24-foot three point jumper (Gary Harris assists),3,False,48,31,17,0.982,0.976,-0.006000000000000005,0.99,0.99,0.0,-0.006000000000000005
2026-04-04 00:46:36+00:00,842.0,2,9:58,Luka Garza makes 3-foot hook shot (Payton Pritchard assists),2,True,50,31,19,0.976,0.979,0.0030000000000000027,,0.98,,
2026-04-04 00:46:54+00:00,855.0,2,9:45,Kyle Kuzma makes tip shot,2,False,50,33,17,0.979,0.977,-0.0020000000000000018,0.98,0.98,0.0,-0.0020000000000000018
2026-04-04 00:47:03+00:00,870.0,2,9:30,Payton Pritchard makes 26-foot three point jumper (Jayson Tatum assists),3,True,53,33,20,0.977,0.982,0.0050000000000000044,0.98,0.99,0.010000000000000009,-0.0050000000000000044
2026-04-04 00:47:28+00:00,894.0,2,9:06,Taurean Prince makes 7-foot floating jump shot,2,False,53,35,18,0.982,0.979,-0.0030000000000000027,0.99,0.99,0.0,-0.0030000000000000027
2026-04-04 00:48:55+00:00,928.0,2,8:32,Payton Pritchard makes 2-foot two point shot,2,True,55,35,20,0.98,0.982,0.0020000000000000018,,0.98,,
2026-04-04 00:49:21+00:00,957.0,2,8:03,Taurean Prince makes 17-foot pullup jump shot (Kyle Kuzma assists),2,False,55,37,18,0.982,0.98,-0.0020000000000000018,,0.98,,
2026-04-04 00:49:43+00:00,979.0,2,7:41,Andre Jackson Jr. makes 8-foot driving floating jump shot (Kyle Kuzma assists),2,False,55,39,16,0.977,0.973,-0.0040000000000000036,,0.98,,
2026-04-04 00:52:53+00:00,990.0,2,7:30,Payton Pritchard makes driving layup (Neemias Queta assists),2,True,57,39,18,0.973,0.977,0.0040000000000000036,,0.99,,
2026-04-04 00:54:55+00:00,1049.0,2,6:31,Jaylen Brown makes two point shot (Jayson Tatum assists),2,True,59,39,20,0.981,0.983,0.0020000000000000018,,,,
2026-04-04 00:55:07+00:00,1061.0,2,6:19,Kyle Kuzma makes 13-foot driving floating jump shot,2,False,59,41,18,0.983,0.981,-0.0020000000000000018,,0.99,,
2026-04-04 00:56:41+00:00,1122.0,2,5:18,Jaylen Brown makes free throw 1 of 2,1,True,60,41,19,0.985,0.986,0.0010000000000000009,0.98,0.98,0.0,0.0010000000000000009
2026-04-04 00:57:06+00:00,1122.0,2,5:18,Jaylen Brown makes free throw 2 of 2,1,True,61,41,20,0.986,0.984,-0.0020000000000000018,,0.98,,
2026-04-04 00:58:00+00:00,1147.0,2,4:53,Jayson Tatum makes 15-foot step back jumpshot,2,True,63,41,22,0.987,0.989,0.0020000000000000018,,,,
2026-04-04 00:58:49+00:00,1185.0,2,4:15,Pete Nance makes layup (Kyle Kuzma assists),2,False,63,43,20,0.989,0.987,-0.0020000000000000018,0.99,,,
2026-04-04 00:59:23+00:00,1204.0,2,3:56,Jaylen Brown makes 14-foot two point shot (Sam Hauser assists),2,True,65,43,22,0.988,0.989,0.0010000000000000009,0.99,0.99,0.0,0.0010000000000000009
2026-04-04 00:59:48+00:00,1229.0,2,3:31,Jaylen Brown makes 26-foot running pullup jump shot,3,True,68,43,25,0.992,0.994,0.0020000000000000018,,0.99,,
2026-04-04 01:00:06+00:00,1247.0,2,3:13,Kyle Kuzma makes 26-foot three pointer (Pete Nance assists),3,False,68,46,22,0.994,0.992,-0.0020000000000000018,,,,
2026-04-04 01:00:36+00:00,1271.0,2,2:49,Pete Nance makes 27-foot three point jumper (AJ Green assists),3,False,68,49,19,0.99,0.986,-0.0040000000000000036,0.99,0.99,0.0,-0.0040000000000000036
2026-04-04 01:04:16+00:00,1293.0,2,2:27,Neemias Queta makes tip shot,2,True,70,49,21,0.986,0.988,0.0020000000000000018,0.99,0.99,0.0,0.0020000000000000018
2026-04-04 01:05:26+00:00,1353.0,2,1:27,Sam Hauser makes two point shot (Jayson Tatum assists),2,True,72,49,23,0.991,0.993,0.0020000000000000018,,,,
2026-04-04 01:07:38+00:00,1393.1,2,46.9,Cormac Ryan makes technical free throw,1,False,72,50,22,0.991,0.991,0.0,,,,
2026-04-04 01:08:06+00:00,1393.1,2,46.9,Cormac Ryan makes free throw 1 of 2,1,False,72,51,21,0.991,0.988,-0.0030000000000000027,,0.99,,
2026-04-04 01:08:22+00:00,1393.1,2,46.9,Cormac Ryan makes free throw 2 of 2,1,False,72,52,20,0.988,0.989,0.0010000000000000009,,0.99,,
2026-04-04 01:08:37+00:00,1405.1,2,34.9,Jayson Tatum makes 27-foot three pointer,3,True,75,52,23,0.989,0.992,0.0030000000000000027,0.99,,,
2026-04-04 01:08:51+00:00,1413.9,2,26.1,Kyle Kuzma makes 23-foot three point jumper (Cormac Ryan assists),3,False,75,55,20,0.992,0.989,-0.0030000000000000027,,0.99,,
2026-04-04 01:25:28+00:00,1454.0,3,11:46,Myles Turner makes free throw 1 of 2,1,False,75,56,19,0.983,0.982,-0.0010000000000000009,,0.99,,
2026-04-04 01:25:57+00:00,1470.0,3,11:30,Jayson Tatum makes 26-foot three pointer,3,True,78,56,22,0.988,0.992,0.0040000000000000036,,0.99,,
2026-04-04 01:26:25+00:00,1470.0,3,11:30,Jayson Tatum makes free throw 1 of 1,1,True,79,56,23,0.995,0.994,-0.0010000000000000009,,0.99,,
2026-04-04 01:27:01+00:00,1507.0,3,10:53,Sam Hauser makes 14-foot pullup jump shot (Jaylen Brown assists),2,True,81,56,25,0.995,0.996,0.0010000000000000009,,,,
2026-04-04 01:27:29+00:00,1534.0,3,10:26,Neemias Queta makes 9-foot floating jump shot (Derrick White assists),2,True,83,56,27,0.997,0.998,0.0010000000000000009,,0.99,,
2026-04-04 01:31:08+00:00,1573.0,3,9:47,Neemias Queta makes dunk (Jayson Tatum assists),2,True,85,56,29,0.999,0.999,0.0,,,,
2026-04-04 01:32:30+00:00,1629.0,3,8:51,Myles Turner makes 25-foot three point jumper (AJ Green assists),3,False,85,59,26,0.999,0.999,0.0,0.99,0.99,0.0,0.0
2026-04-04 01:34:00+00:00,1657.0,3,8:23,Jaylen Brown makes free throw 1 of 2,1,True,86,59,27,0.999,0.999,0.0,,,,
2026-04-04 01:34:17+00:00,1657.0,3,8:23,Jaylen Brown makes free throw 2 of 2,1,True,87,59,28,0.999,0.999,0.0,,,,
2026-04-04 01:34:50+00:00,1690.0,3,7:50,Jayson Tatum makes driving layup,2,True,89,59,30,0.999,0.999,0.0,,0.99,,
2026-04-04 01:35:55+00:00,1702.0,3,7:38,Jayson Tatum makes free throw 2 of 2,1,True,90,59,31,0.999,0.999,0.0,,,,
2026-04-04 01:36:38+00:00,1727.0,3,7:13,Ousmane Dieng makes driving layup,2,False,90,61,29,0.999,0.999,0.0,,0.99,,
2026-04-04 01:36:56+00:00,1745.0,3,6:55,Payton Pritchard makes 14-foot two point shot,2,True,92,61,31,0.999,0.999,0.0,,,,
2026-04-04 01:39:21+00:00,1831.0,3,5:29,Jaylen Brown makes 19-foot two point shot,2,True,94,61,33,0.999,0.999,0.0,,,,
2026-04-04 01:41:12+00:00,1851.0,3,5:09,Jaylen Brown makes free throw 1 of 2,1,True,95,61,34,0.999,0.999,0.0,,,,
2026-04-04 01:41:34+00:00,1851.0,3,5:09,Jaylen Brown makes free throw 2 of 2,1,False,96,61,35,0.999,0.999,0.0,,0.99,,
2026-04-04 01:41:49+00:00,1866.0,3,4:54,AJ Green makes 26-foot three pointer (Jericho Sims assists),3,False,96,64,32,0.999,0.999,0.0,0.99,,,
2026-04-04 01:42:11+00:00,1888.0,3,4:32,Jayson Tatum makes driving layup,2,True,98,64,34,0.999,0.999,0.0,,,,
2026-04-04 01:42:33+00:00,1909.0,3,4:11,Taurean Prince makes 24-foot three point step back jumpshot (Gary Harris assists),3,False,98,67,31,0.999,0.999,0.0,,,,
2026-04-04 01:43:29+00:00,1966.0,3,3:14,Gary Harris makes 24-foot three point jumper (Jericho Sims assists),3,False,98,70,28,0.999,0.999,0.0,,,,
2026-04-04 01:43:44+00:00,1979.0,3,3:01,Jaylen Brown makes driving layup,2,True,100,70,30,0.999,0.999,0.0,,,,
2026-04-04 01:44:19+00:00,1979.0,3,3:01,Jaylen Brown makes free throw 1 of 1,1,True,101,70,31,0.999,0.999,0.0,,,,
2026-04-04 01:44:59+00:00,2017.0,3,2:23,Pete Nance makes 27-foot three point jumper (AJ Green assists),3,False,101,73,28,0.999,0.999,0.0,,0.99,,
2026-04-04 01:48:47+00:00,2064.0,3,1:36,Jaylen Brown makes driving layup (Sam Hauser assists),2,True,103,73,30,0.999,0.999,0.0,,0.99,,
2026-04-04 01:49:08+00:00,2086.0,3,1:14,Taurean Prince makes 26-foot three point jumper (AJ Green assists),3,False,103,76,27,0.999,0.999,0.0,,,,
2026-04-04 01:49:49+00:00,2093.0,3,1:07,Jaylen Brown makes free throw 1 of 2,1,True,104,76,28,0.999,0.999,0.0,,,,
2026-04-04 01:50:08+00:00,2093.0,3,1:07,Jaylen Brown makes free throw 2 of 2,1,True,105,76,29,0.999,0.999,0.0,,,,
2026-04-04 01:55:01+00:00,2209.0,4,11:11,Derrick White makes 26-foot three point jumper (Payton Pritchard assists),3,True,108,76,32,0.999,0.999,0.0,,,,
2026-04-04 01:55:48+00:00,2256.0,4,10:24,Baylor Scheierman makes 4-foot driving floating jump shot (Derrick White assists),2,True,110,76,34,0.999,0.999,0.0,,,,
2026-04-04 01:56:11+00:00,2279.0,4,10:01,AJ Green makes 23-foot three point jumper (Gary Harris assists),3,False,110,79,31,0.999,0.999,0.0,,0.99,,
2026-04-04 01:56:59+00:00,2310.0,4,9:30,Cormac Ryan makes 28-foot three point jumper (Jericho Sims assists),3,False,110,82,28,0.999,0.999,0.0,,0.99,,
2026-04-04 01:57:17+00:00,2328.0,4,9:12,Derrick White makes 25-foot three point jumper (Baylor Scheierman assists),3,True,113,82,31,0.999,0.999,0.0,,,,
2026-04-04 01:57:32+00:00,2342.0,4,8:58,AJ Green makes 28-foot three pointer (Jericho Sims assists),3,False,113,85,28,0.999,0.999,0.0,,0.99,,
2026-04-04 02:01:54+00:00,2387.0,4,8:13,Taurean Prince makes 27-foot running pullup jump shot,3,False,113,88,25,0.999,0.999,0.0,,0.99,,
2026-04-04 02:02:13+00:00,2409.0,4,7:51,Jordan Walsh makes 26-foot three point jumper (Payton Pritchard assists),3,True,116,88,28,0.999,0.999,0.0,,0.99,,
2026-04-04 02:02:26+00:00,2422.0,4,7:38,Taurean Prince makes 2-foot two point shot,2,False,116,90,26,0.999,0.999,0.0,,,,
2026-04-04 02:02:49+00:00,2442.0,4,7:18,Jordan Walsh makes driving layup (Payton Pritchard assists),2,True,118,90,28,0.999,0.999,0.0,,,,
2026-04-04 02:03:16+00:00,2471.0,4,6:49,Derrick White makes 26-foot three point jumper (Payton Pritchard assists),3,True,121,90,31,0.999,0.999,0.0,,0.99,,
2026-04-04 02:04:37+00:00,2519.0,4,6:01,Payton Pritchard makes 11-foot fade away jump shot,2,True,123,90,33,0.999,0.999,0.0,,,,
2026-04-04 02:04:54+00:00,2537.0,4,5:43,Andre Jackson Jr. makes 27-foot three point jumper (Taurean Prince assists),3,False,123,93,30,0.999,0.999,0.0,,,,
2026-04-04 02:05:12+00:00,2555.0,4,5:25,Charles Bassey makes 2-foot alley oop dunk (Payton Pritchard assists),2,True,125,93,32,0.999,0.999,0.0,,,,
2026-04-04 02:06:02+00:00,2568.0,4,5:12,Cormac Ryan makes free throw 1 of 2,1,False,125,94,31,0.999,0.999,0.0,,0.99,,
2026-04-04 02:06:35+00:00,2568.0,4,5:12,Cormac Ryan makes free throw 2 of 2,1,False,125,95,30,0.999,0.999,0.0,,,,
2026-04-04 02:07:24+00:00,2595.0,4,4:45,Hugo Gonzalez makes two point shot (Ron Harper Jr. assists),2,True,127,95,32,0.999,0.999,0.0,0.99,,,
2026-04-04 02:08:30+00:00,2635.0,4,4:05,Charles Bassey makes two point shot,2,True,129,95,34,0.999,0.999,0.0,,,,
2026-04-04 02:09:02+00:00,2667.0,4,3:33,Pete Nance makes 25-foot three point jumper (Andre Jackson Jr. assists),3,False,129,98,31,0.999,0.999,0.0,,0.99,,
2026-04-04 02:09:20+00:00,2683.0,4,3:17,Andre Jackson Jr. makes 1-foot driving dunk,2,False,129,100,29,0.999,0.999,0.0,,0.99,,
2026-04-04 02:09:48+00:00,2714.0,4,2:46,Charles Bassey makes alley oop layup (Baylor Scheierman assists),2,True,131,100,31,0.999,0.999,0.0,,,,
2026-04-04 02:13:24+00:00,2732.0,4,2:28,Alex Antetokounmpo makes free throw 1 of 2,1,False,131,101,30,0.999,0.999,0.0,,0.99,,
2026-04-04 02:15:01+00:00,2795.0,4,1:25,Jordan Walsh makes 1-foot alley oop dunk (Baylor Scheierman assists),2,True,133,101,32,0.999,0.999,0.0,,0.99,,
