stop_loss,sell_pct,trail_dist,entries,mean_pnl,median_pnl,std_pnl,win_rate,annual_ev,sharpe,max_loss,max_win
,1.0,0.05,425,-4.21653909104454,11.287232844657673,25.832423238434583,61.64705882352941,-5962.569596472528,-0.16322661842931532,-40.38940928270042,47.94310594260088
,1.0,0.1,425,-4.21653909104454,11.287232844657673,25.832423238434583,61.64705882352941,-5962.569596472528,-0.16322661842931532,-40.38940928270042,47.94310594260088
,1.0,0.15,425,-4.21653909104454,11.287232844657673,25.832423238434583,61.64705882352941,-5962.569596472528,-0.16322661842931532,-40.38940928270042,47.94310594260088
,1.0,,425,-4.21653909104454,11.287232844657673,25.832423238434583,61.64705882352941,-5962.569596472528,-0.16322661842931532,-40.38940928270042,47.94310594260088
,0.75,0.05,406,-3.8163539728150506,10.646785698325779,25.87643974376522,62.315270935960584,-5155.408499494775,-0.1474837346484104,-40.38940928270042,51.3145732215064
,0.75,0.1,396,-3.565753137239289,9.878922476853276,26.04522488559523,62.62626262626263,-4698.236333626487,-0.13690621420632815,-40.38940928270042,51.3145732215064
,0.75,0.15,372,-3.1144038637980103,9.70101901357901,26.50762767532517,62.903225806451616,-3854.8392260347878,-0.11749085591303507,-40.38940928270042,51.3145732215064
,0.75,,249,-4.783359045920925,-0.4665639399448907,27.401378821516886,48.59437751004016,-3962.9694844632504,-0.1745663631409964,-40.38940928270042,51.3145732215064
,0.5,0.05,406,-3.702355641580258,8.966347990946947,26.408380663012974,61.822660098522164,-5001.411262875092,-0.1401962387934562,-40.38940928270042,54.686040500411906
,0.5,0.1,396,-3.3608976638000074,7.502506710397032,26.955032842399127,62.121212121212125,-4428.318761822889,-0.12468534850061312,-40.38940928270042,54.686040500411906
,0.5,0.15,372,-2.6273365579460033,5.975688014536386,28.06915883809533,61.82795698924731,-3251.9738821587653,-0.09360225481285868,-40.38940928270042,54.686040500411906
,0.5,,249,-4.4183687077862235,-13.041588974082353,32.40088958694179,33.734939759036145,-3660.5783074126334,-0.1363656604529437,-40.38940928270042,54.686040500411906
,0.25,0.05,406,-3.5880371133011315,7.3881056908450216,27.20142974618861,61.330049261083744,-4846.981480800863,-0.13190619562208408,-40.38940928270042,61.518245955855285
,0.25,0.1,396,-3.1552341095526466,4.837352313169857,28.31365321993619,60.35353535353535,-4157.336462746567,-0.11143860825882354,-40.38940928270042,61.518245955855285
,0.25,0.15,372,-2.139758499405826,2.125556341430749,30.28512928362933,55.91397849462365,-2648.4763564645637,-0.07065376803798144,-40.38940928270042,61.518245955855285
,0.25,,249,-4.0533382090089525,-25.954368325218823,39.22180823877327,33.734939759036145,-3358.1538576347443,-0.10334399129007948,-40.38940928270042,61.22454332595627
0.3,1.0,0.05,544,-1.651477442157381,-7.700542961285129,12.659802710162527,34.92647058823529,-2989.2342240300286,-0.13045048804999737,-28.630982531449355,47.94310594260088
0.3,1.0,0.1,544,-1.651477442157381,-7.700542961285129,12.659802710162527,34.92647058823529,-2989.2342240300286,-0.13045048804999737,-28.630982531449355,47.94310594260088
0.3,1.0,0.15,544,-1.651477442157381,-7.700542961285129,12.659802710162527,34.92647058823529,-2989.2342240300286,-0.13045048804999737,-28.630982531449355,47.94310594260088
0.3,1.0,,544,-1.651477442157381,-7.700542961285129,12.659802710162527,34.92647058823529,-2989.2342240300286,-0.13045048804999737,-28.630982531449355,47.94310594260088
0.3,0.75,0.05,532,-1.541366456652998,-7.639359203890307,12.826834207831496,35.526315789473685,-2728.386777343805,-0.12016733292708408,-28.630982531449355,51.3145732215064
0.3,0.75,0.1,517,-1.378021954385408,-7.6316996191190105,13.08932792782108,35.97678916827853,-2370.473365933779,-0.10527828181739206,-28.630982531449355,51.3145732215064
0.3,0.75,0.15,491,-1.3033243858743337,-7.621151808136101,13.28639959309169,36.04887983706721,-2129.229200799391,-0.09809462501428919,-28.630982531449355,51.3145732215064
0.3,0.75,,368,-1.737670851502594,-7.601344273156665,13.887710282864159,26.902173913043477,-2127.66737861074,-0.12512291919328708,-22.217396893609383,51.3145732215064
0.3,0.5,0.05,532,-1.4884532511696522,-7.650490688275666,13.381164033756628,35.150375939849624,-2634.7246312885936,-0.11123496038272418,-28.630982531449355,54.686040500411906
0.3,0.5,0.1,517,-1.2845585830522521,-7.647018788661604,14.0685203629882,35.5899419729207,-2209.697674566484,-0.09130729813148648,-28.630982531449355,54.686040500411906
0.3,0.5,0.15,491,-1.223211148068264,-7.628646355923368,14.592198244783871,35.234215885947044,-1998.3489324977766,-0.08382637951793953,-28.630982531449355,54.686040500411906
0.3,0.5,,368,-1.5738135829781255,-9.991196948420592,18.716878562235184,19.021739130434785,-1927.0345805832526,-0.08408525907485395,-22.217396893609383,54.686040500411906
0.3,0.25,0.05,532,-1.4353520757614946,-7.700542961285129,14.209171864330276,34.962406015037594,-2540.7297579606557,-0.10101588533563334,-28.630982531449355,58.886310552901044
0.3,0.25,0.1,517,-1.1905342832858277,-7.647018788661604,15.50088302839378,35.009671179883945,-2047.957074108281,-0.07680428793024653,-28.630982531449355,58.886310552901044
0.3,0.25,0.15,491,-1.1428331444780804,-7.647018788661604,16.49724509017251,30.75356415478615,-1867.0361187416174,-0.06927418112730056,-28.630982531449355,58.886310552901044
0.3,0.25,,368,-1.4099291405406136,-10.277872481210045,24.761513719393953,18.75,-1726.3685098284925,-0.05694034526800012,-27.871235428984985,58.05750777931742
0.32,1.0,0.05,563,-1.4663777462672374,-6.853156054608768,11.430607074683223,31.616341030195382,-2746.8987785484946,-0.1282852027618905,-28.630982531449355,47.94310594260088
0.32,1.0,0.1,563,-1.4663777462672374,-6.853156054608768,11.430607074683223,31.616341030195382,-2746.8987785484946,-0.1282852027618905,-28.630982531449355,47.94310594260088
0.32,1.0,0.15,563,-1.4663777462672374,-6.853156054608768,11.430607074683223,31.616341030195382,-2746.8987785484946,-0.1282852027618905,-28.630982531449355,47.94310594260088
0.32,1.0,,563,-1.4663777462672374,-6.853156054608768,11.430607074683223,31.616341030195382,-2746.8987785484946,-0.1282852027618905,-28.630982531449355,47.94310594260088
0.32,0.75,0.05,552,-1.3094447873715278,-6.789682334917094,11.59490036324459,32.427536231884055,-2404.9977207476772,-0.11293281928686681,-28.630982531449355,51.3145732215064
0.32,0.75,0.1,536,-1.1403040691084543,-6.6740208948269055,11.914892274248842,32.83582089552239,-2033.639009649274,-0.0957041023000221,-28.630982531449355,51.3145732215064
0.32,0.75,0.15,512,-1.1328520513884581,-6.654956377553784,12.11154401806814,32.8125,-1929.8855601253267,-0.09353489940658735,-28.630982531449355,51.3145732215064
0.32,0.75,,393,-1.2583440124504548,-6.263713146960007,12.893233917446285,25.44529262086514,-1645.4335096622592,-0.09759723747412552,-21.980764049647394,51.3145732215064
0.32,0.5,0.05,552,-1.3138814647874264,-6.801182588783276,12.049307438791866,32.065217391304344,-2413.146364490303,-0.10904207328609451,-28.630982531449355,54.686040500411906
0.32,0.5,0.1,536,-1.0903429984552342,-6.690387055777406,12.852395405588199,32.46268656716418,-1944.5375278632184,-0.08483578072778207,-28.630982531449355,54.686040500411906
0.32,0.5,0.15,512,-1.0967375862216469,-6.6740208948269055,13.377799367802872,32.03125,-1868.362270520426,-0.08198191317334516,-28.630982531449355,54.686040500411906
0.32,0.5,,393,-1.1176887461409692,-8.274752093382798,17.49422607482669,18.3206106870229,-1461.5101260674976,-0.06388900779950861,-21.980764049647394,54.686040500411906
0.32,0.25,0.05,552,-1.318173214667093,-6.81322939117378,12.773956492182743,31.88405797101449,-2421.0288264147466,-0.10319224239363688,-28.630982531449355,58.886310552901044
0.32,0.25,0.1,536,-1.0399528233244022,-6.752584447147468,14.25115580182367,31.902985074626866,-1854.6707733498902,-0.07297322671830751,-28.630982531449355,58.886310552901044
0.32,0.25,0.15,512,-1.060388746054835,-6.801182588783276,15.240492842456442,28.515625,-1806.4397081882512,-0.0695770640107412,-28.630982531449355,58.886310552901044
0.32,0.25,,393,-0.9770080345388626,-8.354015179932023,23.214046301863505,18.06615776081425,-1277.553469745463,-0.04208693399825059,-27.871235428984985,58.05750777931742
0.34,1.0,0.05,597,-1.274121111151702,-5.233532534658359,10.319248213002794,28.14070351758794,-2530.891009353356,-0.1234703424951289,-28.630982531449355,47.94310594260088
0.34,1.0,0.1,597,-1.274121111151702,-5.233532534658359,10.319248213002794,28.14070351758794,-2530.891009353356,-0.1234703424951289,-28.630982531449355,47.94310594260088
0.34,1.0,0.15,597,-1.274121111151702,-5.233532534658359,10.319248213002794,28.14070351758794,-2530.891009353356,-0.1234703424951289,-28.630982531449355,47.94310594260088
0.34,1.0,,597,-1.274121111151702,-5.233532534658359,10.319248213002794,28.14070351758794,-2530.891009353356,-0.1234703424951289,-28.630982531449355,47.94310594260088
0.34,0.75,0.05,586,-1.1633766868195927,-5.13091368491067,10.404132092321714,28.668941979522184,-2268.3307116574456,-0.1118187155349718,-28.630982531449355,51.3145732215064
0.34,0.75,0.1,571,-1.0466866356869413,-5.152513006388186,10.687014939736974,28.896672504378284,-1988.5713931424648,-0.09794003672579334,-28.630982531449355,51.3145732215064
0.34,0.75,0.15,547,-1.0279488356149855,-5.17008350954067,10.931198652276949,28.884826325411332,-1870.885570798103,-0.0940380710582792,-28.630982531449355,51.3145732215064
0.34,0.75,,433,-1.0385434119188686,-5.101921392404395,11.668695471341717,21.939953810623557,-1496.2389348552585,-0.08900252941466578,-20.417648662117536,51.3145732215064
0.34,0.5,0.05,586,-1.1973863491634527,-5.161298257964428,10.784602340445737,28.327645051194537,-2334.6421329380064,-0.11102739919049845,-28.630982531449355,54.686040500411906
0.34,0.5,0.1,571,-1.0357607673962932,-5.17008350954067,11.51754177540884,28.546409807355516,-1967.8136339552884,-0.08992897856101126,-28.630982531449355,54.686040500411906
0.34,0.5,0.15,547,-0.9865996138421684,-5.175145370172619,12.129852737692072,28.336380255941503,-1795.6292353675437,-0.0813364873570499,-28.630982531449355,54.686040500411906
0.34,0.5,,433,-0.8150595162139919,-6.24482933743851,16.015831397361506,16.859122401847575,-1174.2636546414635,-0.050890865169089326,-20.417648662117536,54.686040500411906
0.34,0.25,0.05,586,-1.2312936224288142,-5.172614439856645,11.420409734622654,28.15699658703072,-2400.7539178549305,-0.10781518798716708,-28.630982531449355,58.886310552901044
0.34,0.25,0.1,571,-1.024484636408622,-5.178454686795379,12.785320858330198,27.845884413309985,-1946.3904202226568,-0.08012975565968102,-28.630982531449355,58.886310552901044
0.34,0.25,0.15,547,-0.9450858582485103,-5.246066254956813,13.883429380709321,24.862888482632542,-1720.0734453915295,-0.06807294021761537,-28.630982531449355,58.886310552901044
0.34,0.25,,433,-0.591552525820894,-6.282595992770204,21.319075837355776,16.628175519630485,-852.2551017003966,-0.027747568906545287,-27.871235428984985,58.05750777931742
0.36,1.0,0.05,644,-1.4084976114170493,-4.075550047261858,9.008078193682554,23.4472049689441,-3018.077463649493,-0.15635938999784008,-28.630982531449355,47.94310594260088
0.36,1.0,0.1,644,-1.4084976114170493,-4.075550047261858,9.008078193682554,23.4472049689441,-3018.077463649493,-0.15635938999784008,-28.630982531449355,47.94310594260088
0.36,1.0,0.15,644,-1.4084976114170493,-4.075550047261858,9.008078193682554,23.4472049689441,-3018.077463649493,-0.15635938999784008,-28.630982531449355,47.94310594260088
0.36,1.0,,644,-1.4084976114170493,-4.075550047261858,9.008078193682554,23.4472049689441,-3018.077463649493,-0.15635938999784008,-28.630982531449355,47.94310594260088
0.36,0.75,0.05,634,-1.333771964110699,-4.046092659398626,9.03868192763184,23.817034700315457,-2813.5798330918456,-0.14756266176744987,-28.630982531449355,51.3145732215064
0.36,0.75,0.1,621,-1.3269810190659341,-4.06875023901393,9.2456097744671,23.832528180354267,-2741.856435449272,-0.14352552740551056,-28.630982531449355,51.3145732215064
0.36,0.75,0.15,599,-1.3366173649508548,-4.06875023901393,9.421544196097834,23.87312186978297,-2663.92701261487,-0.14186818393363246,-28.630982531449355,51.3145732215064
0.36,0.75,,496,-1.2500138444307458,-4.071280876803624,10.133379649722364,17.741935483870968,-2062.931938750726,-0.12335606556150236,-20.417648662117536,51.3145732215064
0.36,0.5,0.05,634,-1.3744628939856665,-4.047636795290748,9.359778670561113,23.501577287066247,-2899.416979745545,-0.14684779868873418,-28.630982531449355,54.686040500411906
0.36,0.5,0.1,621,-1.342752065741893,-4.073811514593318,9.947901277817273,23.349436392914654,-2774.443145583745,-0.13497842693072182,-28.630982531449355,54.686040500411906
0.36,0.5,0.15,599,-1.3455918267589209,-4.073811514593318,10.38886202399857,23.372287145242073,-2681.813441342412,-0.12952254285893539,-28.630982531449355,54.686040500411906
0.36,0.5,,496,-1.1481032632781731,-4.616491225589831,13.861696745084544,14.516129032258066,-1894.746127295149,-0.0828255937488532,-20.417648662117536,54.686040500411906
0.36,0.25,0.05,634,-1.4150434137659966,-4.058662257707056,9.91738494911212,23.34384858044164,-2985.0212173083355,-0.1426831186877224,-28.630982531449355,58.886310552901044
0.36,0.25,0.1,621,-1.358233257345388,-4.103572302091189,11.03993769363385,22.705314009661837,-2806.4309466273075,-0.12302906909779115,-28.630982531449355,58.886310552901044
0.36,0.25,0.15,599,-1.3543993436588067,-4.108004387227908,11.845477309973278,20.534223706176963,-2699.367142797226,-0.11433894204655413,-28.630982531449355,58.886310552901044
0.36,0.25,,496,-1.046172520835278,-4.698887871544516,18.458183390782132,14.31451612903226,-1726.5270431123001,-0.056677978470932734,-27.863075972827193,58.05750777931742
0.38,1.0,0.05,705,-1.5316886354439767,-2.806391268023578,7.353912621288826,18.156028368794328,-3592.9238054873567,-0.2082821369144222,-28.630982531449355,47.94310594260088
0.38,1.0,0.1,705,-1.5316886354439767,-2.806391268023578,7.353912621288826,18.156028368794328,-3592.9238054873567,-0.2082821369144222,-28.630982531449355,47.94310594260088
0.38,1.0,0.15,705,-1.5316886354439767,-2.806391268023578,7.353912621288826,18.156028368794328,-3592.9238054873567,-0.2082821369144222,-28.630982531449355,47.94310594260088
0.38,1.0,,705,-1.5316886354439767,-2.806391268023578,7.353912621288826,18.156028368794328,-3592.9238054873567,-0.2082821369144222,-28.630982531449355,47.94310594260088
0.38,0.75,0.05,695,-1.4940369343513107,-2.77021978977319,7.304393817594183,18.1294964028777,-3454.8924999176625,-0.20453948290036136,-28.630982531449355,51.3145732215064
0.38,0.75,0.1,687,-1.4597933623281834,-2.7929055863756846,7.541485243662051,17.903930131004365,-3336.8487510047553,-0.1935684172497732,-28.630982531449355,51.3145732215064
0.38,0.75,0.15,675,-1.428138512254484,-2.77021978977319,7.698725461941297,18.074074074074073,-3207.4692677497296,-0.18550323937572483,-28.630982531449355,51.3145732215064
0.38,0.75,,601,-1.4650422742505718,-2.77021978977319,8.113340593919446,14.143094841930118,-2929.631717252739,-0.18057201682726715,-28.630982531449355,51.3145732215064
0.38,0.5,0.05,695,-1.527626169958305,-2.7781515072322134,7.558771388530519,17.841726618705035,-3532.5660804753998,-0.2020997978952353,-28.630982531449355,54.686040500411906
0.38,0.5,0.1,687,-1.4358581653857376,-2.793275333439995,8.224125931812424,17.46724890829694,-3282.1368074629154,-0.17459097505202048,-28.630982531449355,54.686040500411906
0.38,0.5,0.15,675,-1.3720170422259745,-2.7781515072322134,8.620475998185556,17.77777777777778,-3081.4255480175184,-0.15915792150163838,-28.630982531449355,54.686040500411906
0.38,0.5,,601,-1.4453582423576867,-2.9757024312856064,10.986856379520205,11.813643926788686,-2890.2697376222814,-0.13155339365788682,-28.630982531449355,54.686040500411906
0.38,0.25,0.05,695,-1.561114686140839,-2.7929055863756846,8.047313437761607,17.697841726618705,-3610.0067519422287,-0.1939920320259166,-28.630982531449355,58.05750777931742
0.38,0.25,0.1,687,-1.4117774080357228,-2.8113695684593316,9.271639373436763,17.03056768558952,-3227.092136648348,-0.15226836928973572,-28.630982531449355,58.05750777931742
0.38,0.25,0.15,675,-1.3157918684937613,-2.8113695684593316,9.968898340929012,16.0,-2955.1489191943974,-0.1319896967041537,-28.630982531449355,58.05750777931742
0.38,0.25,,601,-1.4256575715296937,-2.986461061845157,14.611042590839608,11.647254575707153,-2850.8744852645514,-0.09757397958880153,-28.630982531449355,58.5780707938711
